Metric results for math_1_buggy at 6/5/18 2:10 PM,Metric results for math_2_buggy at 6/5/18 2:14 PM,Metric results for math_3_buggy at 6/5/18 2:17 PM,Metric results for math_4_buggy at 6/5/18 2:19 PM,Metric results for math_5_buggy at 6/5/18 2:21 PM,Metric results for math_6_buggy at 6/6/18 10:34 AM,Metric results for math_7_buggy at 6/5/18 2:27 PM,Metric results for math_8_buggy at 6/6/18 10:34 AM,Metric results for math_9_buggy at 6/6/18 10:41 AM,Metric results for math_10_buggy at 6/5/18 2:31 PM,Metric results for math_11_buggy at 6/5/18 2:33 PM,Metric results for math_12_buggy at 6/5/18 2:36 PM,Metric results for math_13_buggy at 6/5/18 2:38 PM,Metric results for math_14_buggy at 6/5/18 3:07 PM,Metric results for math_15_buggy at 6/5/18 3:09 PM,Metric results for math_16_buggy at 6/5/18 3:11 PM,Metric results for math_17_buggy at 6/5/18 3:13 PM,Metric results for math_18_buggy at 6/5/18 8:42 PM,Metric results for math_19_buggy at 6/5/18 3:26 PM,Metric results for math_20_buggy at 6/5/18 4:26 PM,Metric results for math_21_buggy at 6/5/18 4:28 PM,Metric results for math_22_buggy at 6/5/18 4:24 PM,Metric results for math_23_buggy at 6/5/18 4:29 PM,Metric results for math_24_buggy at 6/5/18 4:30 PM,Metric results for math_25_buggy at 6/5/18 4:31 PM,Metric results for math_26_buggy at 6/5/18 4:31 PM,Metric results for math_27_buggy at 6/5/18 4:32 PM,Metric results for math_28_buggy at 6/5/18 4:32 PM,Metric results for math_29_buggy at 6/5/18 4:33 PM,Metric results for math_30_buggy at 6/5/18 4:34 PM,Metric results for math_31_buggy at 6/5/18 4:34 PM,Metric results for math_32_buggy at 6/5/18 4:35 PM,Metric results for math_33_buggy at 6/5/18 4:36 PM,Metric results for math_34_buggy at 6/5/18 4:36 PM,Metric results for math_35_buggy at 6/5/18 4:37 PM,Metric results for math_36_buggy at 6/5/18 4:38 PM,Metric results for math_37_buggy at 6/5/18 4:39 PM,Metric results for math_38_buggy at 6/5/18 4:39 PM,Metric results for math_39_buggy at 6/5/18 6:14 PM,Metric results for math_40_buggy at 6/5/18 6:15 PM,Metric results for math_41_buggy at 6/5/18 6:15 PM,Metric results for math_42_buggy at 6/5/18 6:17 PM,Metric results for math_43_buggy at 6/5/18 6:17 PM,Metric results for math_44_buggy at 6/5/18 6:18 PM,Metric results for math_45_buggy at 6/5/18 6:25 PM,Metric results for math_46_buggy at 6/5/18 6:29 PM,Metric results for math_47_buggy at 6/5/18 6:27 PM,Metric results for math_48_buggy at 6/5/18 6:30 PM,Metric results for math_49_buggy at 6/5/18 6:31 PM,Metric results for math_50_buggy at 6/5/18 6:33 PM,Metric results for math_51_buggy at 6/5/18 6:33 PM,Metric results for math_52_buggy at 6/5/18 6:35 PM,Metric results for math_53_buggy at 6/5/18 6:36 PM,Metric results for math_54_buggy at 6/5/18 8:44 PM,Metric results for math_55_buggy at 6/5/18 6:37 PM,Metric results for math_56_buggy at 6/5/18 6:38 PM,Metric results for math_57_buggy at 6/5/18 6:39 PM,Metric results for math_58_buggy at 6/5/18 6:39 PM,Metric results for math_59_buggy at 6/5/18 6:40 PM,Metric results for math_60_buggy at 6/5/18 6:41 PM,Metric results for math_61_buggy at 6/5/18 6:42 PM,Metric results for math_62_buggy at 6/5/18 6:43 PM,Metric results for math_63_buggy at 6/5/18 6:44 PM,Metric results for math_64_buggy at 6/5/18 6:47 PM,Metric results for math_65_buggy at 6/5/18 6:48 PM,Metric results for math_66_buggy at 6/5/18 6:49 PM,Metric results for math_67_buggy at 6/5/18 6:51 PM,Metric results for math_68_buggy at 6/5/18 6:52 PM,Metric results for math_69_buggy at 6/5/18 6:53 PM,Metric results for math_70_buggy at 6/5/18 6:54 PM,Metric results for math_71_buggy at 6/5/18 6:56 PM,Metric results for math_72_buggy at 6/5/18 6:57 PM,Metric results for math_73_buggy at 6/5/18 6:58 PM,Metric results for math_74_buggy at 6/5/18 6:59 PM,Metric results for math_75_buggy at 6/5/18 7:00 PM,Metric results for math_76_buggy at 6/5/18 7:01 PM,Metric results for math_77_buggy at 6/5/18 7:02 PM,Metric results for math_78_buggy at 6/5/18 7:04 PM,Metric results for math_79_buggy at 6/5/18 7:05 PM,Metric results for math_80_buggy at 6/5/18 7:38 PM,Metric results for math_81_buggy at 6/5/18 7:40 PM,Metric results for math_82_buggy at 6/5/18 7:42 PM,Metric results for math_83_buggy at 6/5/18 7:43 PM,Metric results for math_84_buggy at 6/5/18 7:44 PM,Metric results for math_85_buggy at 6/6/18 11:16 AM,Metric results for math_86_buggy at 6/6/18 11:18 AM,Metric results for math_87_buggy at 6/6/18 11:39 AM,Metric results for math_88_buggy at 6/6/18 11:40 AM,Metric results for math_89_buggy at 6/6/18 11:42 AM,Metric results for math_90_buggy at 6/6/18 11:44 AM,Metric results for math_91_buggy at 6/6/18 12:03 PM,Metric results for math_92_buggy at 6/6/18 12:04 PM,Metric results for math_93_buggy at 6/6/18 11:48 AM,Metric results for math_94_buggy at 6/6/18 12:10 PM,Metric results for math_95_buggy at 6/6/18 11:51 AM,Metric results for math_96_buggy at 6/6/18 11:51 AM,Metric results for math_97_buggy at 6/6/18 11:52 AM,Metric results for math_98_buggy at 6/6/18 11:53 AM,Metric results for math_99_buggy at 6/6/18 11:54 AM,Metric results for math_100_buggy at 6/6/18 11:56 AM,Metric results for math_101_buggy at 6/6/18 11:57 AM,Metric results for math_102_buggy at 6/6/18 11:57 AM,Metric results for math_103_buggy at 6/6/18 11:58 AM,Metric results for math_104_buggy at 6/6/18 12:00 PM,Metric results for math_105_buggy at 6/6/18 12:12 PM,Metric results for math_106_buggy at 6/6/18 12:01 PM
11.4%,11.5%,11.3%,11.4%,11.5%,11.6%,11.7%,11.8%,11.9%,11.8%,11.8%,11.8%,11.8%,11.8%,12.5%,12.5%,12.7%,12.7%,12.8%,12.8%,12.5%,12.3%,12.3%,12.3%,12.1%,12%,12%,12%,12%,12%,12%,12%,12.1%,12.1%,12.2%,12.1%,12.8%,12.8%,12.8%,13%,13%,13%,13%,13.9%,15%,15.4%,15.4%,15.4%,15.6%,15.6%,15.6%,15.8%,15.9%,15.5%,15.5%,15.5%,15.6%,15.7%,16%,16.2%,15.8%,15.9%,16.2%,15.9%,16%,16.1%,16.3%,16.4%,16.4%,16.4%,16.8%,16.8%,16.8%,16.8%,16.8%,16.8%,16.7%,17.4%,17.4%,17.4%,17.4%,17.5%,17.5%,17.5%,17.3%,17.6%,17.6%,17.6%,17.3%,17.3%,17.3%,17.5%,17.5%,17.1%,17.5%,17.4%,17.1%,17.1%,17.2%,16.4%,16.5%,16.3%,17.1%,17.1%,21.4%,21.8%
1.20,1.20,1.20,1.20,1.19,1.19,1.19,1.19,1.19,1.18,1.18,1.18,1.18,1.18,1.19,1.19,1.19,1.19,1.19,1.19,1.19,1.19,1.19,1.19,1.19,1.17,1.17,1.17,1.16,1.16,1.16,1.16,1.16,1.16,1.16,1.16,1.15,1.15,1.15,1.15,1.15,1.15,1.15,1.15,1.16,1.15,1.15,1.15,1.15,1.15,1.15,1.15,1.14,1.15,1.15,1.15,1.14,1.14,1.15,1.15,1.15,1.15,1.14,1.13,1.13,1.13,1.13,1.13,1.13,1.13,1.13,1.13,1.13,1.14,1.14,1.14,1.14,1.14,1.14,1.14,1.14,1.14,1.14,1.14,1.14,1.14,1.14,1.14,1.13,1.13,1.13,1.10,1.10,1.10,1.08,1.08,1.07,1.07,1.13,1.07,1.07,1.07,1.06,1.06,1.04,1.03
0,0,0,0,0,0,0,0,0,0,0,0,0,0,0,0,0,0,0,0,0,0,0,0,0,0,0,0,0,0,0,0,0,0,0,0,0,0,0,0,0,0,0,0,0,0,0,0,0,0,0,0,0,0,0,0,0,0,0,0,0,0,0,0,0,0,0,0,0,0,0,0,0,0,0,0,0,0,0,0,0,0,0,0,0,0,0,0,0,0,0,0,0,0,0,0,0,0,0,0,0,0,0,0,0,0
10,10,10,10,10,10,10,10,10,10,10,10,10,10,10,10,10,10,10,10,10,10,10,10,10,10,10,10,10,10,10,10,10,10,10,10,10,10,10,10,10,10,10,10,10,10,10,10,10,10,10,10,10,10,10,10,10,10,10,10,10,10,10,10,10,10,10,10,10,10,10,10,10,10,10,10,10,10,10,10,10,10,10,10,10,10,10,10,10,10,10,10,10,10,10,10,10,10,10,10,10,10,10,10,5,5
2.01,2.01,2.02,2.02,2.02,2.02,2.02,2.02,2.02,2.03,2.03,2.03,2.03,2.03,2.01,2.01,2.02,2.02,2.02,2.02,2.02,2.02,2.02,2.02,2.02,2.00,2.00,2.00,1.99,1.99,2.00,2.00,2.00,2.00,2.00,2.01,1.99,2.00,2.00,2.00,2.00,2.00,2.00,2.00,2.02,2.03,2.03,2.03,2.04,2.04,2.04,1.99,1.97,1.98,1.99,1.99,1.97,1.97,1.95,1.96,1.93,1.93,1.87,1.85,1.85,1.85,1.85,1.85,1.85,1.85,1.83,1.83,1.83,1.85,1.84,1.84,1.84,1.85,1.85,1.85,1.85,1.84,1.84,1.84,1.84,1.83,1.83,1.83,1.81,1.81,1.81,1.77,1.77,1.77,1.73,1.73,1.72,1.72,1.81,1.71,1.71,1.72,1.74,1.74,1.75,1.74
1,1,1,1,1,1,1,1,1,1,1,1,1,1,1,1,1,1,1,1,1,1,1,1,1,1,1,1,1,1,1,1,1,1,1,1,1,1,1,1,1,1,1,1,1,1,1,1,1,1,1,1,1,1,1,1,1,1,1,1,1,1,1,1,1,1,1,1,1,1,1,1,1,1,1,1,1,1,1,1,1,1,1,1,1,1,1,1,1,1,1,1,1,1,1,1,1,1,1,1,1,1,1,1,1,1
140,140,140,140,140,140,140,140,140,140,140,140,140,140,140,140,140,140,140,140,140,140,140,140,140,140,140,140,140,140,140,140,140,140,140,140,140,140,140,140,140,140,140,140,140,140,140,140,148,148,148,95,72,76,76,76,76,76,84,84,84,84,84,84,84,84,84,84,84,84,84,84,84,84,84,84,84,84,84,84,84,84,84,84,84,83,83,83,83,83,83,83,83,83,83,83,83,83,83,83,83,83,85,85,18,18
11.08,11.09,11.05,11.04,11.04,11.01,11.01,11.01,11.02,11.09,11.07,11.07,11.07,11.07,10.91,10.91,10.88,10.86,10.85,10.85,10.84,10.84,10.83,10.82,10.76,10.70,10.70,10.70,10.67,10.69,10.74,10.73,10.70,10.71,10.72,10.72,10.63,10.68,10.68,10.67,10.67,10.67,10.67,10.63,10.66,10.61,10.61,10.63,10.60,10.60,10.59,10.39,10.23,10.36,10.36,10.36,10.11,10.08,10.04,10.06,10.01,10.03,9.62,9.48,9.49,9.49,9.48,9.51,9.51,9.51,9.39,9.41,9.41,9.51,9.42,9.42,9.41,9.49,9.49,9.48,9.48,9.43,9.43,9.43,9.28,9.25,9.25,9.25,9.18,9.18,9.04,8.76,8.75,8.74,8.51,8.45,8.44,8.44,8.94,8.38,8.39,8.45,8.39,8.38,7.97,7.88
1,1,1,1,1,1,1,1,1,1,1,1,1,1,1,1,1,1,1,1,1,1,1,1,1,1,1,1,1,1,1,1,1,1,1,1,1,1,1,1,1,1,1,1,1,1,1,1,1,1,1,1,1,1,1,1,1,1,1,1,1,1,1,1,1,1,1,1,1,1,1,1,1,1,1,1,1,1,1,1,1,1,1,1,1,1,1,1,1,1,1,1,1,1,1,1,1,1,1,1,1,1,1,1,1,1
637,637,637,637,637,637,637,637,637,637,637,637,637,637,637,637,637,637,637,637,637,637,637,637,637,637,637,637,637,637,637,637,637,637,637,639,639,639,639,639,639,639,639,638,678,677,677,677,713,713,713,352,288,302,302,302,302,302,322,322,322,322,322,322,322,322,322,322,322,322,322,322,322,322,322,322,322,322,322,322,322,322,322,322,322,317,317,317,317,317,316,316,316,316,316,316,313,313,316,313,313,315,329,329,94,94
0.76,0.77,0.78,0.78,0.78,0.78,0.79,0.79,0.79,0.78,0.78,0.78,0.78,0.78,0.78,0.78,0.78,0.78,0.78,0.78,0.78,0.78,0.78,0.78,0.77,0.77,0.77,0.77,0.75,0.75,0.76,0.76,0.77,0.77,0.77,0.77,0.77,0.77,0.77,0.77,0.77,0.77,0.77,0.76,0.82,0.84,0.84,0.84,0.82,0.82,0.82,0.82,0.82,0.80,0.80,0.80,0.89,0.91,0.92,0.91,0.90,0.90,0.86,0.87,0.86,0.86,0.87,0.85,0.85,0.85,0.88,0.88,0.88,0.88,0.88,0.88,0.88,0.93,0.94,0.94,0.94,0.94,0.94,0.94,0.96,1.00,1.00,1.00,0.97,0.97,0.97,0.97,0.97,0.97,0.95,0.95,0.95,0.95,0.98,0.99,0.99,0.99,1.00,1.00,0.83,0.84
0,0,0,0,0,0,0,0,0,0,0,0,0,0,0,0,0,0,0,0,0,0,0,0,0,0,0,0,0,0,0,0,0,0,0,0,0,0,0,0,0,0,0,0,0,0,0,0,0,0,0,0,0,0,0,0,0,0,0,0,0,0,0,0,0,0,0,0,0,0,0,0,0,0,0,0,0,0,0,0,0,0,0,0,0,0,0,0,0,0,0,0,0,0,0,0,0,0,0,0,0,0,0,0,0,0
20,20,20,20,20,20,20,17,17,17,17,17,17,17,17,17,17,17,17,17,17,17,17,17,17,17,17,17,17,17,17,17,17,17,17,17,17,17,17,17,17,17,17,17,17,17,17,17,17,17,17,17,17,17,17,17,17,17,17,17,17,17,17,17,17,17,17,17,17,17,17,17,17,17,17,17,17,17,17,17,17,17,17,17,17,17,17,17,15,15,15,15,15,15,12,12,12,12,15,12,12,12,12,12,6,6
1.51,1.51,1.54,1.56,1.57,1.57,1.58,1.58,1.59,1.59,1.58,1.59,1.59,1.59,1.61,1.61,1.63,1.63,1.63,1.63,1.64,1.64,1.64,1.64,1.62,1.64,1.64,1.64,1.65,1.65,1.67,1.67,1.66,1.66,1.67,1.69,1.67,1.66,1.66,1.66,1.66,1.66,1.66,1.64,1.74,1.74,1.74,1.74,1.73,1.73,1.73,1.74,1.75,1.76,1.77,1.77,1.77,1.78,1.76,1.78,1.79,1.79,1.76,1.82,1.82,1.82,1.83,1.61,1.61,1.61,1.68,1.66,1.66,1.68,1.69,1.69,1.69,1.79,1.80,1.79,1.79,1.78,1.78,1.78,1.70,1.74,1.74,1.74,1.60,1.60,1.62,1.60,1.60,1.61,1.50,1.50,1.48,1.48,1.66,1.51,1.51,1.55,1.60,1.60,1.93,1.96
0,0,0,0,0,0,0,0,0,0,0,0,0,0,0,0,0,0,0,0,0,0,0,0,0,0,0,0,0,0,0,0,0,0,0,0,0,0,0,0,0,0,0,0,0,0,0,0,0,0,0,0,0,0,0,0,0,0,0,0,0,0,0,0,0,0,0,0,0,0,0,0,0,0,0,0,0,0,0,0,0,0,0,0,0,0,0,0,0,0,0,0,0,0,0,0,0,0,0,0,0,0,0,0,0,0
314,314,314,314,314,314,314,314,314,314,313,313,313,313,312,312,312,312,312,312,311,311,311,311,311,311,311,311,311,311,312,312,312,312,312,315,315,306,306,306,306,306,306,304,303,300,300,300,300,300,300,295,292,285,285,285,285,285,285,280,261,260,259,257,257,251,251,39,39,39,39,39,39,39,39,39,39,39,39,39,39,39,39,39,39,39,39,39,39,39,39,39,39,39,39,39,39,39,39,39,39,45,46,46,39,39
5.62,5.63,5.71,5.73,5.77,5.78,5.80,5.80,5.80,5.60,5.59,5.59,5.59,5.58,5.92,5.91,5.91,5.93,5.93,5.93,5.93,5.95,5.95,5.95,5.85,5.78,5.78,5.78,5.82,5.80,5.80,5.81,5.81,5.84,5.86,5.84,5.86,5.76,5.76,5.77,5.77,5.77,5.75,5.74,6.03,6.15,6.15,6.13,6.18,6.18,6.18,6.23,6.23,6.26,6.26,6.26,6.28,6.27,6.28,6.26,6.57,6.58,6.50,6.58,6.60,6.61,6.66,6.76,6.76,6.75,6.95,6.98,6.98,6.99,7.09,7.09,7.09,7.41,7.43,7.42,7.42,7.43,7.43,7.42,6.83,7.02,7.02,7.02,6.64,6.64,6.62,6.46,6.45,6.48,6.10,6.05,5.63,5.62,6.86,5.74,5.74,5.61,5.53,5.51,7.74,7.72
0,0,0,0,0,0,0,0,0,0,0,0,0,0,0,0,0,0,0,0,0,0,0,0,0,0,0,0,0,0,0,0,0,0,0,0,0,0,0,0,0,0,0,0,0,0,0,0,0,0,0,0,0,0,0,0,0,0,0,0,0,0,0,0,0,0,0,0,0,0,0,0,0,0,0,0,0,0,0,0,0,0,0,0,0,0,0,0,0,0,0,0,0,0,0,0,0,0,0,0,0,0,0,0,0,0
127,127,127,127,127,127,127,127,127,127,127,127,127,127,127,127,127,127,127,127,127,127,127,127,127,127,127,127,123,123,123,123,123,123,123,123,123,123,123,123,123,123,123,123,123,116,116,114,114,114,114,114,98,98,98,98,98,98,98,98,101,101,101,101,101,101,101,101,101,101,101,101,101,101,101,101,101,115,115,115,115,115,115,115,115,115,115,115,115,115,115,115,115,115,103,103,82,82,115,82,82,82,70,70,70,70
0.77,0.77,0.77,0.77,0.77,0.77,0.77,0.77,0.77,0.77,0.77,0.77,0.77,0.77,0.77,0.77,0.77,0.77,0.77,0.77,0.77,0.77,0.77,0.77,0.77,0.76,0.76,0.76,0.77,0.77,0.77,0.77,0.77,0.77,0.77,0.77,0.78,0.79,0.79,0.79,0.79,0.80,0.78,0.78,0.79,0.79,0.79,0.79,0.79,0.80,0.80,0.79,0.78,0.78,0.78,0.78,0.78,0.78,0.78,0.78,0.76,0.76,0.77,0.76,0.76,0.76,0.76,0.76,0.76,0.76,0.75,0.74,0.74,0.75,0.73,0.73,0.73,0.73,0.73,0.73,0.73,0.73,0.73,0.73,0.75,0.75,0.75,0.75,0.71,0.71,0.71,0.70,0.70,0.70,0.63,0.63,0.65,0.65,0.71,0.65,0.65,0.66,0.68,0.68,0.65,0.63
0,0,0,0,0,0,0,0,0,0,0,0,0,0,0,0,0,0,0,0,0,0,0,0,0,0,0,0,0,0,0,0,0,0,0,0,0,0,0,0,0,0,0,0,0,0,0,0,0,0,0,0,0,0,0,0,0,0,0,0,0,0,0,0,0,0,0,0,0,0,0,0,0,0,0,0,0,0,0,0,0,0,0,0,0,0,0,0,0,0,0,0,0,0,0,0,0,0,0,0,0,0,0,0,0,0
16,16,16,16,16,16,16,16,16,14,14,14,14,14,14,14,14,14,14,14,14,14,14,14,14,13,13,13,13,13,13,13,13,13,13,13,13,13,13,13,13,13,13,13,15,15,15,15,15,15,15,13,13,13,13,13,13,13,10,10,10,10,10,10,10,10,10,10,10,10,10,10,10,10,10,10,10,10,10,10,10,10,10,10,12,12,12,12,12,12,12,12,12,12,12,12,12,12,12,12,12,12,12,12,6,6
14.5%,14.5%,14.6%,14.6%,14.6%,14.7%,14.5%,14.6%,14.6%,14.7%,14.7%,14.7%,14.7%,14.7%,14.8%,14.8%,14.9%,14.9%,14.9%,14.9%,14.9%,14.9%,14.9%,14.9%,15%,15.1%,15.1%,15.1%,15.1%,15.1%,15.2%,15.2%,15.2%,15.2%,15.2%,15.2%,15.2%,15.3%,15.3%,15.3%,15.4%,15.3%,15.4%,15.5%,15.5%,15.5%,15.5%,15.5%,15.7%,15.7%,15.7%,15.6%,15.7%,15.6%,15.6%,15.6%,15.8%,15.9%,15.9%,15.9%,15.3%,15.3%,15.3%,15.2%,15.2%,15.2%,15.2%,15.4%,15.4%,15.4%,15.5%,15.4%,15.4%,15.4%,15.3%,15.3%,15.3%,15.3%,15.3%,15.3%,15.3%,15.3%,15.3%,15.3%,16.8%,17%,17%,17%,17.4%,17.4%,17.5%,18.6%,18.6%,18.7%,19.2%,19.4%,20%,20.1%,18%,20%,20.1%,19.6%,20.2%,20.2%,18.1%,18%
"1,123","1,112","1,065","1,056","1,028","1,022","1,022","1,012","1,007","1,004",998,997,997,997,847,847,838,836,833,833,832,829,829,829,822,809,809,809,801,801,796,792,788,781,780,786,799,795,795,794,796,796,794,778,751,715,715,717,717,717,717,707,689,637,631,631,638,635,627,631,694,694,682,703,700,694,687,677,677,677,668,650,650,648,646,646,646,638,637,637,637,629,629,629,718,693,693,692,668,668,631,556,557,552,519,508,484,483,568,489,489,475,465,465,250,244
"170,828","169,656","165,388","164,761","161,698","160,883","160,668","158,746","158,199","154,186","153,295","153,108","153,070","153,044","137,423","137,386","134,053","133,553","133,215","133,192","132,322","132,014","131,903","131,713","129,211","125,921","125,919","125,907","124,009","123,813","123,201","122,747","121,740","121,178","121,030","121,866","122,181","120,231","120,184","120,257","120,225","120,125","119,448","118,472","116,631","106,183","106,184","106,366","105,720","105,706","105,586","102,918","99,112","91,925","91,180","91,176","90,231","89,424","87,470","86,515","94,793","94,871","88,347","86,391","86,238","85,607","84,957","83,586","83,593","83,584","81,838","79,784","79,776","80,468","80,891","80,884","80,693","79,726","79,580","79,488","79,450","78,345","78,331","78,305","86,793","83,702","83,709","83,727","74,562","74,559","73,098","61,076","60,921","60,585","52,050","50,958","45,576","45,422","66,531","45,670","45,565","44,209","41,933","41,759","23,451","22,738"
"12,023,154","11,933,696","11,664,571","11,619,074","11,396,589","11,342,165","11,311,233","11,194,574","11,151,684","10,868,933","10,779,929","10,771,208","10,768,970","10,767,731","9,655,116","9,653,862","9,415,310","9,367,547","9,342,873","9,341,009","9,250,668","9,205,275","9,193,656","9,177,557","8,988,920","8,745,095","8,745,013","8,744,396","8,599,962","8,590,740","8,556,600","8,523,740","8,460,308","8,416,380","8,407,024","8,432,392","8,495,717","8,376,231","8,373,404","8,379,315","8,378,843","8,371,683","8,315,192","8,272,062","8,131,076","7,584,106","7,583,973","7,599,488","7,543,793","7,542,353","7,533,365","7,377,001","7,150,453","6,589,482","6,530,595","6,529,581","6,495,195","6,456,934","6,347,003","6,256,605","6,751,367","6,752,659","6,329,023","6,200,932","6,188,545","6,135,094","6,098,327","5,980,917","5,980,273","5,979,480","5,866,708","5,697,179","5,696,758","5,724,995","5,742,006","5,741,778","5,719,623","5,653,548","5,643,584","5,637,843","5,634,945","5,575,476","5,574,431","5,572,583","6,098,734","5,858,052","5,858,035","5,858,361","5,256,880","5,256,822","5,198,882","4,404,692","4,394,803","4,368,742","3,809,070","3,735,304","3,396,511","3,403,805","4,725,489","3,432,390","3,427,715","3,293,765","3,166,324","3,149,471","1,831,831","1,769,330"
"24,926","24,708","24,289","24,160","23,695","23,662","23,446","23,235","23,153","22,705","22,572","22,567","22,560","22,560","20,385","20,385","20,061","19,952","19,881","19,877","19,739","19,723","19,703","19,696","19,509","19,051","19,051","19,049","18,807","18,789","18,770","18,680","18,552","18,451","18,440","18,544","18,663","18,458","18,451","18,512","18,521","18,482","18,442","18,398","18,191","16,561","16,558","16,574","16,626","16,621","16,617","16,142","15,637","14,429","14,314","14,305","14,330","14,237","13,972","13,773","14,547","14,530","13,519","13,210","13,171","13,056","12,974","12,933","12,931","12,931","12,758","12,364","12,364","12,455","12,446","12,445","12,398","12,235","12,183","12,178","12,175","11,989","11,989","11,986","14,668","14,280","14,283","14,278","13,012","13,013","12,828","11,403","11,389","11,342","10,034","9,931","9,140","9,132","11,979","9,168","9,166","8,679","8,503","8,476","4,250","4,114"
10522,10413,10238,10150,9953,9952,9772,9640,9633,9475,9393,9391,9385,9385,8344,8345,8238,8169,8116,8113,8056,8070,8051,8043,7987,7723,7723,7721,7660,7648,7681,7628,7563,7536,7527,7644,7635,7597,7591,7631,7630,7591,7586,7565,7534,6261,6258,6266,6346,6344,6344,5907,5598,5312,5267,5258,5250,5201,5053,4976,5263,5262,4676,4542,4540,4538,4528,4696,4694,4696,4600,4466,4466,4547,4538,4537,4503,4494,4482,4482,4479,4411,4411,4411,6438,6311,6314,6312,5880,5881,5751,5252,5257,5240,4714,4676,4380,4376,5487,4387,4385,4308,4209,4196,1385,1319
1879,1870,1838,1831,1794,1788,1786,1786,1779,1773,1769,1768,1768,1768,1628,1628,1604,1598,1596,1596,1585,1574,1574,1577,1570,1561,1561,1561,1543,1539,1534,1526,1520,1506,1506,1514,1515,1491,1491,1492,1492,1492,1490,1494,1462,1380,1380,1382,1373,1372,1372,1358,1338,1260,1252,1252,1227,1225,1199,1166,1126,1121,1000,862,843,835,829,779,779,778,767,755,755,753,752,752,748,742,741,741,741,701,701,701,745,700,700,700,652,652,679,611,607,601,563,557,527,527,628,520,520,509,499,499,382,376
12525,12425,12213,12179,11948,11922,11888,11809,11741,11457,11410,11408,11407,11407,10413,10412,10219,10185,10169,10168,10098,10079,10078,10076,9952,9767,9767,9767,9604,9602,9555,9526,9469,9409,9407,9386,9513,9370,9369,9389,9399,9399,9366,9339,9195,8920,8920,8926,8907,8905,8901,8877,8701,7857,7795,7795,7853,7811,7720,7631,8158,8147,7843,7806,7788,7683,7617,7458,7458,7457,7391,7143,7143,7155,7156,7156,7147,6999,6960,6955,6955,6877,6877,6874,7485,7269,7269,7266,6480,6480,6398,5540,5525,5501,4757,4698,4233,4229,5864,4261,4261,3862,3795,3781,2483,2419
"1,617","1,607","1,569","1,563","1,532","1,525","1,525","1,509","1,501","1,481","1,475","1,475","1,476","1,476","1,269","1,269","1,248","1,240","1,239","1,239","1,230","1,226","1,226","1,226","1,218","1,203","1,203","1,203","1,161","1,160","1,158","1,155","1,150","1,143","1,143","1,147","1,154","1,142","1,142","1,143","1,144","1,144","1,141","1,125","1,118","1,087","1,087","1,092","1,064","1,064","1,064","1,043","1,025",911,906,906,"1,008","1,019","1,005",988,"1,036","1,034",976,965,960,951,943,894,894,894,889,863,863,858,858,858,858,851,852,852,852,844,844,844,"1,046","1,014","1,015","1,015",931,931,928,818,819,811,740,735,694,694,840,715,713,698,677,677,257,254
1333,1329,1300,1294,1264,1259,1258,1247,1239,1218,1213,1213,1214,1214,1059,1059,1039,1031,1030,1030,1022,1018,1018,1018,1011,1000,1000,1000,960,959,957,954,949,943,943,946,950,939,939,942,943,943,940,927,923,899,899,904,879,879,879,873,857,761,758,758,859,867,868,853,911,909,877,870,865,856,850,813,813,813,808,782,782,778,778,778,778,775,776,776,776,771,771,771,959,928,929,929,853,853,850,751,752,745,682,677,639,638,772,657,655,643,621,621,226,226
129,125,119,119,118,118,118,118,118,118,118,118,118,118,104,104,104,104,104,104,103,103,103,103,102,101,101,101,99,99,99,99,99,99,99,99,99,99,99,100,100,100,100,97,97,94,94,94,92,92,92,92,91,80,80,80,81,82,85,84,76,76,59,56,56,56,54,45,45,45,45,45,45,45,45,45,45,42,42,42,42,42,42,42,48,48,48,48,46,46,46,40,40,37,34,34,31,32,39,34,34,33,34,34,10,10
84,84,83,83,83,82,82,82,82,82,81,81,81,81,46,46,46,46,46,46,46,46,46,46,46,46,46,46,46,46,46,46,46,46,46,46,46,46,46,46,46,46,46,46,46,46,46,46,45,45,45,30,30,30,28,28,28,28,12,12,11,11,5,5,5,5,5,4,4,4,4,4,4,3,3,3,3,2,2,2,2,2,2,2,8,8,8,8,8,8,8,7,7,9,9,9,9,9,7,9,9,8,8,8,11,8
71,69,67,67,67,66,67,62,62,63,63,63,63,63,60,60,59,59,59,59,59,59,59,59,59,56,56,56,56,56,56,56,56,55,55,56,59,58,58,55,55,55,55,55,52,48,48,48,48,48,48,48,47,40,40,40,40,42,40,39,38,38,35,34,34,34,34,32,32,32,32,32,32,32,32,32,32,32,32,32,32,29,29,29,31,30,30,30,24,24,24,20,20,20,15,15,15,15,22,15,15,14,14,14,10,10
"4,309","4,283","4,203","4,194","4,116","4,094","4,092","4,046","4,036","4,039","4,024","4,023","4,023","4,023","3,572","3,571","3,506","3,499","3,497","3,497","3,477","3,474","3,474","3,474","3,424","3,404","3,404","3,404","3,362","3,359","3,362","3,346","3,313","3,290","3,290","3,332","3,340","3,296","3,296","3,286","3,292","3,292","3,272","3,237","3,181","3,010","3,009","3,013","2,962","2,960","2,960","2,921","2,865","2,719","2,703","2,703","2,702","2,701","2,617","2,610","2,805","2,800","2,668","2,687","2,682","2,644","2,617","2,367","2,367","2,368","2,366","2,280","2,280","2,297","2,297","2,297","2,299","2,248","2,209","2,208","2,208","2,177","2,177","2,177","2,479","2,477","2,477","2,475","2,274","2,274","2,258","1,906","1,898","1,894","1,646","1,636","1,517","1,498","1,991","1,489","1,484","1,439","1,416","1,416",710,705
3157,3140,3073,3090,3039,3026,3016,2992,2985,2981,2967,2967,2967,2967,2606,2606,2569,2563,2562,2562,2551,2548,2548,2548,2543,2529,2529,2529,2509,2506,2509,2494,2466,2445,2445,2481,2476,2445,2445,2434,2434,2434,2424,2393,2347,2248,2247,2248,2212,2211,2211,2189,2149,1986,1973,1973,1974,1973,1904,1905,2044,2041,1978,2012,2010,1994,1973,1686,1686,1687,1689,1617,1617,1636,1636,1636,1638,1620,1620,1619,1619,1589,1589,1589,1825,1763,1763,1761,1536,1536,1531,1323,1324,1325,1141,1134,1053,1053,1396,1062,1058,1028,1017,1017,579,577
0,0,0,0,0,0,0,0,0,0,0,0,0,0,0,0,0,0,0,0,0,0,0,0,0,0,0,0,0,0,0,0,0,0,0,0,0,0,0,0,0,0,0,0,0,0,0,0,0,0,0,0,0,0,0,0,0,0,0,0,0,0,0,0,0,0,0,0,0,0,0,0,0,0,0,0,0,0,0,0,0,0,0,0,11,13,13,13,13,13,13,13,13,13,13,13,13,13,13,13,13,15,15,15,0,0
462,462,455,455,455,455,455,454,451,451,451,451,451,451,441,441,440,440,440,440,440,440,440,440,440,439,439,439,449,449,460,460,460,460,460,509,509,509,509,509,509,509,509,508,508,497,497,497,494,494,494,494,494,492,491,491,494,494,495,498,591,591,580,583,583,583,586,580,580,580,580,577,577,577,577,577,577,575,575,575,575,570,570,570,610,576,576,576,446,446,445,364,364,365,296,296,279,279,414,270,270,263,262,262,224,224
520,523,513,513,502,496,495,483,483,489,488,488,488,488,456,456,445,445,445,445,444,444,444,444,444,444,444,444,447,443,444,442,434,436,436,447,439,434,434,434,434,434,434,432,431,420,420,420,404,404,404,397,394,361,357,357,356,356,354,349,330,329,320,318,318,317,317,65,65,65,60,56,56,54,54,54,54,53,53,53,53,49,49,49,54,52,52,52,43,43,43,28,30,30,26,26,22,22,28,22,22,24,25,25,13,13
2175,2155,2105,2122,2082,2075,2066,2055,2051,2041,2028,2028,2028,2028,1709,1709,1684,1678,1677,1677,1667,1664,1664,1664,1659,1646,1646,1646,1613,1614,1605,1592,1572,1549,1549,1525,1528,1502,1502,1491,1491,1491,1481,1453,1408,1331,1330,1331,1314,1313,1313,1298,1261,1133,1125,1125,1124,1123,1055,1058,1123,1121,1078,1111,1109,1094,1070,1041,1041,1042,1049,984,984,1005,1005,1005,1007,992,992,991,991,970,970,970,1150,1122,1122,1120,1034,1034,1030,918,917,917,806,799,739,739,941,757,753,726,715,715,342,340
1152,1143,1130,1104,1077,1068,1076,1054,1051,1058,1057,1056,1056,1056,966,965,937,936,935,935,926,926,926,926,881,875,875,875,853,853,853,852,847,845,845,851,864,851,851,852,858,858,848,844,834,762,762,765,750,749,749,732,716,733,730,730,728,728,713,705,761,759,690,675,672,650,644,681,681,681,677,663,663,661,661,661,661,628,589,589,589,588,588,588,654,714,714,714,738,738,727,583,574,569,505,502,464,445,595,427,426,411,399,399,131,128
192,192,192,190,189,189,189,184,184,184,184,184,184,184,181,181,181,181,181,181,176,176,176,176,176,176,176,176,172,172,172,172,171,171,171,161,161,159,159,159,159,159,159,159,159,146,146,146,137,137,137,134,133,120,119,119,119,119,113,123,148,148,135,138,137,137,136,135,135,135,135,122,122,120,121,121,121,88,88,88,88,88,88,88,93,90,90,90,84,84,73,51,51,51,48,48,45,45,56,44,44,43,43,43,15,15
28,23,22,22,22,22,22,22,22,22,22,22,22,22,17,17,17,17,17,17,17,17,17,17,17,17,17,17,17,17,17,17,17,17,17,17,17,17,17,17,17,17,17,17,17,17,17,17,13,13,13,13,13,11,11,11,11,11,12,12,12,12,12,12,12,6,6,6,6,6,6,6,6,6,6,6,6,6,6,6,6,6,6,6,6,6,6,6,3,3,3,3,3,3,0,0,0,0,3,2,2,2,2,2,2,2
22,22,22,22,22,22,22,21,21,21,19,19,19,19,16,16,16,16,16,16,16,16,16,16,16,15,15,15,15,15,15,15,15,15,15,13,13,10,10,10,10,10,10,10,9,5,5,5,5,5,5,4,4,4,4,4,4,4,2,2,4,4,4,4,4,4,4,4,4,4,4,4,4,4,4,4,4,4,4,4,4,4,4,4,7,9,9,9,9,9,10,10,10,11,13,13,13,13,10,13,13,13,13,13,16,13
910,906,894,870,844,835,843,827,824,831,832,831,831,831,752,751,723,722,721,721,717,717,717,717,672,667,667,667,649,649,649,648,644,642,642,660,673,665,665,666,672,672,662,658,649,594,594,597,595,594,594,581,566,598,596,596,594,594,586,568,597,595,539,521,519,503,498,536,536,536,532,531,531,531,530,530,530,530,491,491,491,490,490,490,548,609,609,609,642,642,641,519,510,504,444,441,406,387,526,368,367,353,341,341,98,98
192,192,192,190,189,189,189,184,184,184,184,184,184,184,181,181,181,181,181,181,176,176,176,176,176,176,176,176,172,172,172,172,171,171,171,161,161,159,159,159,159,159,159,159,159,146,146,146,137,137,137,134,133,120,119,119,119,119,113,123,148,148,135,138,137,137,136,135,135,135,135,122,122,120,121,121,121,88,88,88,88,88,88,88,104,103,103,103,97,97,86,64,64,64,61,61,58,58,69,57,57,58,58,58,15,15
0,0,0,0,0,0,0,0,0,0,0,0,0,0,0,0,0,0,0,0,0,0,0,0,0,0,0,0,0,0,0,0,0,0,0,0,0,0,0,0,0,0,0,0,0,0,0,0,0,0,0,0,0,0,0,0,0,0,0,0,0,0,0,0,0,0,0,0,0,0,0,0,0,0,0,0,0,0,0,0,0,0,0,0,11,13,13,13,13,13,13,13,13,13,13,13,13,13,13,13,13,15,15,15,0,0
192,192,192,190,189,189,189,184,184,184,184,184,184,184,181,181,181,181,181,181,176,176,176,176,176,176,176,176,172,172,172,172,171,171,171,161,161,159,159,159,159,159,159,159,159,146,146,146,137,137,137,134,133,120,119,119,119,119,113,123,148,148,135,138,137,137,136,135,135,135,135,122,122,120,121,121,121,88,88,88,88,88,88,88,93,90,90,90,84,84,73,51,51,51,48,48,45,45,56,44,44,43,43,43,15,15
490,485,477,477,477,477,477,476,473,473,473,473,473,473,458,458,457,457,457,457,457,457,457,457,457,456,456,456,466,466,477,477,477,477,477,526,526,526,526,526,526,526,526,525,525,514,514,514,507,507,507,507,507,503,502,502,505,505,507,510,603,603,592,595,595,589,592,586,586,586,586,583,583,583,583,583,583,581,581,581,581,576,576,576,616,582,582,582,449,449,448,367,367,368,296,296,279,279,417,272,272,265,264,264,226,226
462,462,455,455,455,455,455,454,451,451,451,451,451,451,441,441,440,440,440,440,440,440,440,440,440,439,439,439,449,449,460,460,460,460,460,509,509,509,509,509,509,509,509,508,508,497,497,497,494,494,494,494,494,492,491,491,494,494,495,498,591,591,580,583,583,583,586,580,580,580,580,577,577,577,577,577,577,575,575,575,575,570,570,570,610,576,576,576,446,446,445,364,364,365,296,296,279,279,414,270,270,263,262,262,224,224
28,23,22,22,22,22,22,22,22,22,22,22,22,22,17,17,17,17,17,17,17,17,17,17,17,17,17,17,17,17,17,17,17,17,17,17,17,17,17,17,17,17,17,17,17,17,17,17,13,13,13,13,13,11,11,11,11,11,12,12,12,12,12,12,12,6,6,6,6,6,6,6,6,6,6,6,6,6,6,6,6,6,6,6,6,6,6,6,3,3,3,3,3,3,0,0,0,0,3,2,2,2,2,2,2,2
542,545,535,535,524,518,517,504,504,510,507,507,507,507,472,472,461,461,461,461,460,460,460,460,460,459,459,459,462,458,459,457,449,451,451,460,452,444,444,444,444,444,444,442,440,425,425,425,409,409,409,401,398,365,361,361,360,360,356,351,334,333,324,322,322,321,321,69,69,69,64,60,60,58,58,58,58,57,57,57,57,53,53,53,61,61,61,61,52,52,53,38,40,41,39,39,35,35,38,35,35,37,38,38,29,26
520,523,513,513,502,496,495,483,483,489,488,488,488,488,456,456,445,445,445,445,444,444,444,444,444,444,444,444,447,443,444,442,434,436,436,447,439,434,434,434,434,434,434,432,431,420,420,420,404,404,404,397,394,361,357,357,356,356,354,349,330,329,320,318,318,317,317,65,65,65,60,56,56,54,54,54,54,53,53,53,53,49,49,49,54,52,52,52,43,43,43,28,30,30,26,26,22,22,28,22,22,24,25,25,13,13
22,22,22,22,22,22,22,21,21,21,19,19,19,19,16,16,16,16,16,16,16,16,16,16,16,15,15,15,15,15,15,15,15,15,15,13,13,10,10,10,10,10,10,10,9,5,5,5,5,5,5,4,4,4,4,4,4,4,2,2,4,4,4,4,4,4,4,4,4,4,4,4,4,4,4,4,4,4,4,4,4,4,4,4,7,9,9,9,9,9,10,10,10,11,13,13,13,13,10,13,13,13,13,13,16,13
3085,3061,2999,2992,2926,2910,2909,2882,2875,2872,2860,2859,2859,2859,2461,2460,2407,2400,2398,2398,2384,2381,2381,2381,2331,2313,2313,2313,2262,2263,2254,2240,2216,2191,2191,2185,2201,2167,2167,2157,2163,2163,2143,2111,2057,1925,1924,1928,1909,1907,1907,1879,1827,1731,1721,1721,1718,1717,1641,1626,1720,1716,1617,1632,1628,1597,1568,1577,1577,1578,1581,1515,1515,1536,1535,1535,1537,1522,1483,1482,1482,1460,1460,1460,1698,1731,1731,1729,1676,1676,1671,1437,1427,1421,1250,1240,1145,1126,1467,1125,1120,1079,1056,1056,440,438
2175,2155,2105,2122,2082,2075,2066,2055,2051,2041,2028,2028,2028,2028,1709,1709,1684,1678,1677,1677,1667,1664,1664,1664,1659,1646,1646,1646,1613,1614,1605,1592,1572,1549,1549,1525,1528,1502,1502,1491,1491,1491,1481,1453,1408,1331,1330,1331,1314,1313,1313,1298,1261,1133,1125,1125,1124,1123,1055,1058,1123,1121,1078,1111,1109,1094,1070,1041,1041,1042,1049,984,984,1005,1005,1005,1007,992,992,991,991,970,970,970,1150,1122,1122,1120,1034,1034,1030,918,917,917,806,799,739,739,941,757,753,726,715,715,342,340
910,906,894,870,844,835,843,827,824,831,832,831,831,831,752,751,723,722,721,721,717,717,717,717,672,667,667,667,649,649,649,648,644,642,642,660,673,665,665,666,672,672,662,658,649,594,594,597,595,594,594,581,566,598,596,596,594,594,586,568,597,595,539,521,519,503,498,536,536,536,532,531,531,531,530,530,530,530,491,491,491,490,490,490,548,609,609,609,642,642,641,519,510,504,444,441,406,387,526,368,367,353,341,341,98,98
"306,276","303,965","297,180","295,963","290,074","288,814","288,117","285,083","283,932","277,563","275,964","275,719","275,662","275,632","248,518","248,478","242,649","241,614","241,075","241,036","239,349","238,369","238,200","237,888","233,965","228,445","228,442","228,427","224,810","224,490","223,423","222,545","220,907","219,707","219,503","220,302","221,978","218,765","218,696","218,830","218,801","218,624","217,691","216,838","213,744","199,564","199,562","199,857","198,781","198,748","198,569","194,736","188,903","174,417","172,947","172,924","172,088","170,956","168,119","165,635","178,847","178,954","168,525","164,868","164,566","163,100","161,990","158,984","158,980","158,957","156,294","152,065","152,054","152,843","153,349","153,341","152,825","151,162","150,894","150,764","150,717","148,665","148,649","148,603","165,335","159,365","159,374","159,377","143,990","143,987","141,758","121,721","121,489","120,937","106,483","104,711","95,339","95,479","129,778","96,015","95,887","92,364","88,947","88,572","51,315","49,669"
"11,817","11,734","11,447","11,415","11,210","11,182","11,157","11,026","10,977","10,568","10,520","10,506","10,504","10,503","9,609","9,607","9,385","9,370","9,354","9,352","9,299","9,280","9,279","9,277","9,208","8,986","8,986","8,985","8,906","8,871","8,754","8,728","8,677","8,620","8,600","8,633","8,747","8,541","8,539","8,533","8,531","8,527","8,496","8,453","8,231","7,959","7,959","7,952","7,956","7,953","7,948","7,896","7,698","7,085","7,031","7,030","7,041","6,974","6,842","6,761","7,564","7,561","7,331","7,294","7,288","7,246","7,201","7,086","7,086","7,084","7,012","6,814","6,814","6,809","6,906","6,906","6,892","6,736","6,732","6,727","6,726","6,661","6,660","6,656","7,380","7,125","7,125","7,124","6,374","6,373","6,334","5,424","5,421","5,410","4,723","4,643","4,078","4,076","5,838","4,117","4,107","3,947","3,721","3,705","2,385","2,332"
10971,10899,10630,10599,10406,10389,10355,10254,10205,9805,9766,9752,9750,9749,8909,8907,8717,8702,8687,8685,8637,8618,8617,8616,8555,8345,8345,8344,8277,8242,8127,8102,8052,8002,7982,8000,8102,7901,7899,7899,7892,7888,7858,7817,7603,7366,7366,7359,7371,7368,7365,7318,7129,6540,6487,6486,6484,6421,6332,6265,7062,7059,6855,6883,6879,6840,6795,6701,6701,6699,6627,6437,6437,6434,6436,6436,6423,6268,6263,6258,6257,6193,6192,6188,6828,6587,6586,6585,5879,5878,5852,4982,4979,4969,4338,4259,3712,3710,5373,3734,3724,3575,3362,3350,2140,2095
9049,8987,8750,8722,8563,8548,8526,8440,8399,8072,8042,8028,8027,8026,7351,7349,7182,7173,7159,7157,7110,7097,7096,7095,7037,6850,6850,6849,6819,6786,6680,6659,6632,6586,6567,6583,6640,6471,6470,6423,6417,6413,6393,6326,6116,5855,5855,5849,5801,5798,5795,5760,5602,5187,5147,5146,5118,5067,4996,4956,5547,5542,5368,5378,5374,5346,5312,5214,5214,5212,5150,5028,5028,5003,5005,5005,4995,4847,4842,4838,4837,4899,4898,4897,5506,5300,5299,5298,4761,4760,4739,4000,3999,3985,3519,3472,3072,3070,4358,3131,3122,2979,2801,2792,1704,1664
577,575,562,560,554,554,542,535,535,531,519,519,519,519,461,461,445,442,442,442,439,439,439,439,436,434,434,434,423,423,423,423,423,422,421,421,423,433,433,488,488,488,487,487,487,479,479,479,480,480,480,479,470,422,422,422,447,447,446,432,472,472,446,450,450,449,442,441,441,441,441,425,425,425,425,425,425,422,422,422,422,420,420,419,425,408,408,408,399,399,397,351,351,346,331,328,295,295,358,278,278,274,249,249,172,167
621,621,614,614,612,612,612,611,603,560,560,560,560,560,550,550,548,553,553,553,551,547,547,547,548,535,535,535,533,533,527,527,526,526,526,519,566,533,533,527,527,527,525,551,551,596,596,595,657,657,657,655,650,574,570,570,569,567,566,560,686,687,689,704,704,702,702,708,708,708,708,685,685,684,684,684,682,676,676,676,676,550,550,550,553,542,542,542,436,436,436,392,392,403,332,316,205,205,398,190,190,190,190,187,187,187
724,716,704,703,677,675,675,668,668,642,645,645,644,644,547,547,542,534,533,533,537,535,535,535,534,526,526,526,502,500,497,493,471,468,468,477,473,464,463,461,460,460,453,453,449,436,436,436,433,433,433,424,407,357,348,348,350,340,324,317,357,358,352,351,351,343,339,338,338,338,328,299,299,322,322,322,321,323,323,322,322,324,324,322,344,337,337,337,283,283,280,239,237,235,156,143,140,140,259,135,134,132,122,122,77,77
846,835,817,816,804,793,802,772,772,763,754,754,754,754,700,700,668,668,667,667,662,662,662,661,653,641,641,641,629,629,627,626,625,618,618,633,645,640,640,634,639,639,638,636,628,593,593,593,585,585,583,578,569,545,544,544,557,553,510,496,502,502,476,411,409,406,406,385,385,385,385,377,377,375,470,470,469,468,469,469,469,468,468,468,552,538,539,539,495,495,482,442,442,441,385,384,366,366,465,383,383,372,359,355,245,237
604,594,579,578,565,557,564,545,545,532,524,524,524,524,511,514,487,487,486,486,481,481,481,481,472,467,467,467,459,459,458,457,456,450,450,451,464,465,465,459,463,463,463,461,464,452,452,452,444,444,442,441,432,416,414,414,426,426,416,400,398,398,385,341,339,338,338,315,315,315,315,314,314,312,408,408,407,407,408,408,408,407,407,407,477,471,472,472,440,440,428,407,407,405,359,358,345,345,415,362,362,351,339,335,230,222
33,33,32,32,32,32,32,30,30,32,32,32,32,32,29,29,29,29,29,29,29,29,29,29,29,29,29,29,29,29,29,29,29,29,29,29,29,29,29,29,29,29,29,29,29,27,27,27,27,27,27,27,27,27,27,27,27,27,28,30,31,31,21,21,21,19,19,19,19,19,19,19,19,19,19,19,19,19,19,19,19,19,19,19,19,18,18,18,14,14,14,10,10,11,11,11,9,9,10,9,9,9,9,9,8,8
23,23,23,23,23,23,23,18,18,18,18,18,18,18,21,18,18,18,18,18,18,18,18,18,18,18,18,18,18,18,18,18,18,18,18,22,22,22,22,22,22,22,22,22,19,4,4,4,4,4,4,4,4,4,4,4,4,4,4,4,4,4,4,4,4,4,4,4,4,4,4,4,4,4,4,4,4,4,4,4,4,1,1,1,1,1,1,1,4,4,4,4,4,4,3,3,0,0,4,0,0,0,0,0,0,0
186,185,183,183,184,181,183,179,179,181,180,180,180,180,139,139,134,134,134,134,134,134,134,133,134,127,127,127,123,123,122,122,122,121,121,131,130,124,124,124,125,125,124,124,116,110,110,110,110,110,110,106,106,98,99,99,100,96,62,62,69,69,66,45,45,45,45,47,47,47,47,40,40,40,39,39,39,38,38,38,38,41,41,41,55,48,48,48,37,37,36,21,21,21,12,12,12,12,36,12,12,12,11,11,7,7
9653,9581,9329,9300,9128,9105,9090,8985,8944,8604,8566,8552,8551,8550,7862,7863,7669,7660,7645,7643,7591,7578,7577,7576,7509,7317,7317,7316,7278,7245,7138,7116,7088,7036,7017,7034,7104,6936,6935,6882,6880,6876,6856,6787,6580,6307,6307,6301,6245,6242,6237,6201,6034,5603,5561,5560,5544,5493,5412,5356,5945,5940,5753,5719,5713,5684,5650,5529,5529,5527,5465,5342,5342,5315,5413,5413,5402,5254,5250,5246,5245,5306,5305,5304,5983,5771,5771,5770,5201,5200,5167,4407,4406,4390,3878,3830,3417,3415,4773,3493,3484,3330,3140,3127,1934,1886
9049,8987,8750,8722,8563,8548,8526,8440,8399,8072,8042,8028,8027,8026,7351,7349,7182,7173,7159,7157,7110,7097,7096,7095,7037,6850,6850,6849,6819,6786,6680,6659,6632,6586,6567,6583,6640,6471,6470,6423,6417,6413,6393,6326,6116,5855,5855,5849,5801,5798,5795,5760,5602,5187,5147,5146,5118,5067,4996,4956,5547,5542,5368,5378,5374,5346,5312,5214,5214,5212,5150,5028,5028,5003,5005,5005,4995,4847,4842,4838,4837,4899,4898,4897,5506,5300,5299,5298,4761,4760,4739,4000,3999,3985,3519,3472,3072,3070,4358,3131,3122,2979,2801,2792,1704,1664
604,594,579,578,565,557,564,545,545,532,524,524,524,524,511,514,487,487,486,486,481,481,481,481,472,467,467,467,459,459,458,457,456,450,450,451,464,465,465,459,463,463,463,461,464,452,452,452,444,444,442,441,432,416,414,414,426,426,416,400,398,398,385,341,339,338,338,315,315,315,315,314,314,312,408,408,407,407,408,408,408,407,407,407,477,471,472,472,440,440,428,407,407,405,359,358,345,345,415,362,362,351,339,335,230,222
610,608,594,592,586,586,574,565,565,563,551,551,551,551,490,490,474,471,471,471,468,468,468,468,465,463,463,463,452,452,452,452,452,451,450,450,452,462,462,517,517,517,516,516,516,506,506,506,507,507,507,506,497,449,449,449,474,474,474,462,503,503,467,471,471,468,461,460,460,460,460,444,444,444,444,444,444,441,441,441,441,439,439,438,444,426,426,426,413,413,411,361,361,357,342,339,304,304,368,287,287,283,258,258,180,175
577,575,562,560,554,554,542,535,535,531,519,519,519,519,461,461,445,442,442,442,439,439,439,439,436,434,434,434,423,423,423,423,423,422,421,421,423,433,433,488,488,488,487,487,487,479,479,479,480,480,480,479,470,422,422,422,447,447,446,432,472,472,446,450,450,449,442,441,441,441,441,425,425,425,425,425,425,422,422,422,422,420,420,419,425,408,408,408,399,399,397,351,351,346,331,328,295,295,358,278,278,274,249,249,172,167
33,33,32,32,32,32,32,30,30,32,32,32,32,32,29,29,29,29,29,29,29,29,29,29,29,29,29,29,29,29,29,29,29,29,29,29,29,29,29,29,29,29,29,29,29,27,27,27,27,27,27,27,27,27,27,27,27,27,28,30,31,31,21,21,21,19,19,19,19,19,19,19,19,19,19,19,19,19,19,19,19,19,19,19,19,18,18,18,14,14,14,10,10,11,11,11,9,9,10,9,9,9,9,9,8,8
644,644,637,637,635,635,635,629,621,578,578,578,578,578,571,568,566,571,571,571,569,565,565,565,566,553,553,553,551,551,545,545,544,544,544,541,588,555,555,549,549,549,547,573,570,600,600,599,661,661,661,659,654,578,574,574,573,571,570,564,690,691,693,708,708,706,706,712,712,712,712,689,689,688,688,688,686,680,680,680,680,551,551,551,554,543,543,543,440,440,440,396,396,407,335,319,205,205,402,190,190,190,190,187,187,187
621,621,614,614,612,612,612,611,603,560,560,560,560,560,550,550,548,553,553,553,551,547,547,547,548,535,535,535,533,533,527,527,526,526,526,519,566,533,533,527,527,527,525,551,551,596,596,595,657,657,657,655,650,574,570,570,569,567,566,560,686,687,689,704,704,702,702,708,708,708,708,685,685,684,684,684,682,676,676,676,676,550,550,550,553,542,542,542,436,436,436,392,392,403,332,316,205,205,398,190,190,190,190,187,187,187
23,23,23,23,23,23,23,18,18,18,18,18,18,18,21,18,18,18,18,18,18,18,18,18,18,18,18,18,18,18,18,18,18,18,18,22,22,22,22,22,22,22,22,22,19,4,4,4,4,4,4,4,4,4,4,4,4,4,4,4,4,4,4,4,4,4,4,4,4,4,4,4,4,4,4,4,4,4,4,4,4,1,1,1,1,1,1,1,4,4,4,4,4,4,3,3,0,0,4,0,0,0,0,0,0,0
910,901,887,886,861,856,858,847,847,823,825,825,824,824,686,686,676,668,667,667,671,669,669,668,668,653,653,653,625,623,619,615,593,589,589,608,603,588,587,585,585,585,577,577,565,546,546,546,543,543,543,530,513,455,447,447,450,436,386,379,426,427,418,396,396,388,384,385,385,385,375,339,339,362,361,361,360,361,361,360,360,365,365,363,399,385,385,385,320,320,316,260,258,256,168,155,152,152,295,147,146,144,133,133,84,84
724,716,704,703,677,675,675,668,668,642,645,645,644,644,547,547,542,534,533,533,537,535,535,535,534,526,526,526,502,500,497,493,471,468,468,477,473,464,463,461,460,460,453,453,449,436,436,436,433,433,433,424,407,357,348,348,350,340,324,317,357,358,352,351,351,343,339,338,338,338,328,299,299,322,322,322,321,323,323,322,322,324,324,322,344,337,337,337,283,283,280,239,237,235,156,143,140,140,259,135,134,132,122,122,77,77
186,185,183,183,184,181,183,179,179,181,180,180,180,180,139,139,134,134,134,134,134,134,134,133,134,127,127,127,123,123,122,122,122,121,121,131,130,124,124,124,125,125,124,124,116,110,110,110,110,110,110,106,106,98,99,99,100,96,62,62,69,69,66,45,45,45,45,47,47,47,47,40,40,40,39,39,39,38,38,38,38,41,41,41,55,48,48,48,37,37,36,21,21,21,12,12,12,12,36,12,12,12,11,11,7,7
141,141,139,139,132,129,130,127,127,128,128,128,128,128,108,108,107,107,107,107,107,107,107,107,107,105,105,105,103,103,103,103,103,103,103,103,103,103,103,103,103,103,103,103,103,103,103,103,103,103,103,103,103,89,89,89,89,89,88,88,91,91,89,89,87,87,87,85,85,85,85,83,83,83,83,83,83,83,82,82,82,82,82,82,128,127,127,127,125,125,125,115,115,105,105,105,105,100,119,99,99,98,98,98,57,55
1310,1301,1274,1267,1231,1226,1223,1212,1207,1199,1196,1195,1195,1195,1079,1079,1063,1057,1056,1056,1045,1035,1035,1035,1032,1017,1017,1017,995,995,991,988,982,975,975,976,983,973,973,975,975,975,973,979,970,901,901,903,895,895,895,892,880,805,797,797,795,793,791,782,770,767,746,730,726,718,712,684,684,684,674,662,662,660,660,660,659,651,650,650,650,644,644,644,767,732,732,732,688,688,686,630,630,624,591,585,558,558,635,551,551,542,532,532,287,281
0,0,0,0,0,0,0,0,0,0,0,0,0,0,0,0,0,0,0,0,0,0,0,0,0,0,0,0,0,0,0,0,0,0,0,0,0,0,0,0,0,0,0,0,0,0,0,0,0,0,0,0,0,0,0,0,0,0,0,0,0,0,0,0,0,0,0,0,0,0,0,0,0,0,0,0,0,0,0,0,0,0,0,0,0,0,0,0,0,0,0,0,0,0,0,0,0,0,0,0,0,0,0,0,0,0
9,9,9,9,9,9,9,9,9,9,9,9,9,9,9,9,9,9,9,9,9,9,9,9,9,9,9,9,9,9,9,9,9,9,9,9,9,9,9,9,9,9,9,9,9,8,8,8,8,8,8,8,8,9,8,8,8,8,8,8,8,8,8,8,8,8,8,8,8,8,7,7,7,7,7,7,7,7,7,7,7,7,7,7,5,5,5,5,5,5,5,5,5,5,5,5,5,5,5,5,5,5,5,5,5,5
66,66,66,66,66,66,66,65,65,65,65,65,65,65,64,64,64,64,64,64,64,64,64,64,64,64,64,64,63,63,61,61,59,59,59,60,61,61,61,61,61,61,61,61,60,57,57,57,58,58,58,57,57,53,51,51,51,46,46,46,56,56,56,56,56,56,56,56,56,56,56,56,56,56,56,56,56,55,55,55,55,55,55,55,55,54,54,54,36,36,36,36,36,36,34,31,31,41,36,40,40,40,42,42,33,33
0,0,0,0,0,0,0,0,0,0,0,0,0,0,0,0,0,0,0,0,0,0,0,0,0,0,0,0,0,0,0,0,0,0,0,0,0,0,0,0,0,0,0,0,0,0,0,0,0,0,0,0,0,0,0,0,0,0,0,0,0,0,0,0,0,0,0,0,0,0,0,0,0,0,0,0,0,0,0,0,0,0,0,0,0,0,0,0,0,0,0,0,0,0,0,0,0,0,0,0,0,0,0,0,0,0
0,0,0,0,0,0,0,0,0,0,0,0,0,0,0,0,0,0,0,0,0,0,0,0,0,0,0,0,0,0,0,0,0,0,0,0,0,0,0,0,0,0,0,0,0,0,0,0,0,0,0,0,0,0,0,0,0,0,0,0,0,0,0,0,0,0,0,0,0,0,0,0,0,0,0,0,0,0,0,0,0,0,0,0,0,0,0,0,0,0,0,0,0,0,0,0,0,0,0,0,0,0,0,0,0,0
0,0,0,0,0,0,0,0,0,0,0,0,0,0,0,0,0,0,0,0,0,0,0,0,0,0,0,0,0,0,0,0,0,0,0,0,0,0,0,0,0,0,0,0,0,0,0,0,0,0,0,0,0,0,0,0,0,0,0,0,0,0,0,0,0,0,0,0,0,0,0,0,0,0,0,0,0,0,0,0,0,0,0,0,0,0,0,0,0,0,0,0,0,0,0,0,0,0,0,0,0,0,0,0,0,0
0,0,0,0,0,0,0,0,0,0,0,0,0,0,0,0,0,0,0,0,0,0,0,0,0,0,0,0,0,0,0,0,0,0,0,0,0,0,0,0,0,0,0,0,0,0,0,0,0,0,0,0,0,0,0,0,0,0,0,0,0,0,0,0,0,0,0,0,0,0,0,0,0,0,0,0,0,0,0,0,0,0,0,0,0,0,0,0,0,0,0,0,0,0,0,0,0,0,0,0,0,0,0,0,0,0
"91,415","90,859","88,632","88,233","86,468","86,062","85,999","84,942","84,661","82,310","81,730","81,606","81,580","81,562","72,997","72,980","71,540","71,394","71,243","71,229","70,801","70,612","70,585","70,511","69,621","67,524","67,522","67,517","66,419","66,345","66,239","65,934","65,319","64,935","64,863","65,195","65,291","64,219","64,206","64,134","64,119","64,047","63,803","63,403","62,449","60,090","60,091","60,154","60,105","60,088","60,018","58,192","55,890","52,501","52,018","52,014","51,786","51,502","50,207","49,746","53,831","53,803","50,355","48,966","48,884","48,647","48,264","47,180","47,185","47,175","46,108","44,890","44,885","45,394","45,846","45,845","45,723","45,284","45,170","45,118","45,106","44,425","44,414","44,398","49,325","47,624","47,629","47,635","42,589","42,588","42,129","35,022","34,907","34,691","29,726","29,126","25,817","25,672","38,323","25,885","25,837","25,040","24,012","23,929","13,644","13,189"
"2,102","2,081","2,004","1,991","1,940","1,933","1,921","1,898","1,890","1,884","1,880","1,879","1,879","1,879","1,623","1,623","1,587","1,579","1,577","1,576","1,568","1,558","1,558","1,558","1,574","1,554","1,554","1,554","1,528","1,527","1,508","1,502","1,492","1,475","1,466","1,477","1,492","1,482","1,482","1,478","1,477","1,477","1,475","1,472","1,363","1,294","1,294","1,297","1,286","1,286","1,286","1,266","1,235","1,131","1,122","1,122","1,121","1,111","1,088","1,079","1,151","1,148","1,127","1,108","1,104","1,095","1,080","1,048","1,048","1,048","1,008",976,976,973,973,973,972,908,906,906,906,896,896,896,"1,079","1,014","1,014","1,014",959,959,956,839,840,834,773,767,724,724,850,717,715,703,672,672,308,302
138,138,131,131,129,129,129,129,129,128,128,128,128,128,124,124,123,122,122,122,118,114,114,114,113,110,110,110,110,110,108,108,108,108,108,108,117,117,117,119,119,119,119,132,132,133,133,133,135,135,135,135,134,121,119,119,118,118,118,116,122,122,122,118,118,118,118,115,115,115,113,107,107,107,107,107,106,105,105,105,105,104,104,104,128,126,126,126,113,113,113,97,97,95,89,87,83,83,99,75,75,73,72,72,40,40
135,135,128,128,126,126,126,126,126,125,125,125,125,125,122,122,121,120,120,120,116,112,112,112,111,108,108,108,108,108,106,106,106,106,106,106,115,115,115,117,117,117,117,131,131,132,132,132,134,134,134,134,133,120,118,118,117,117,117,115,121,121,121,117,117,117,117,114,114,114,112,106,106,106,106,106,105,104,104,104,104,103,103,103,125,123,123,123,110,110,110,95,95,93,87,85,81,81,96,73,73,71,70,70,40,40
0,0,0,0,0,0,0,0,0,0,0,0,0,0,0,0,0,0,0,0,0,0,0,0,0,0,0,0,0,0,0,0,0,0,0,0,0,0,0,0,0,0,0,0,0,0,0,0,0,0,0,0,0,0,0,0,0,0,0,0,0,0,0,0,0,0,0,0,0,0,0,0,0,0,0,0,0,0,0,0,0,0,0,0,0,0,0,0,0,0,0,0,0,0,0,0,0,0,0,0,0,0,0,0,0,0
0,0,0,0,0,0,0,0,0,0,0,0,0,0,0,0,0,0,0,0,0,0,0,0,0,0,0,0,0,0,0,0,0,0,0,0,0,0,0,0,0,0,0,0,0,0,0,0,0,0,0,0,0,0,0,0,0,0,0,0,0,0,0,0,0,0,0,0,0,0,0,0,0,0,0,0,0,0,0,0,0,0,0,0,0,0,0,0,0,0,0,0,0,0,0,0,0,0,0,0,0,0,0,0,0,0
3,3,3,3,3,3,3,3,3,3,3,3,3,3,2,2,2,2,2,2,2,2,2,2,2,2,2,2,2,2,2,2,2,2,2,2,2,2,2,2,2,2,2,1,1,1,1,1,1,1,1,1,1,1,1,1,1,1,1,1,1,1,1,1,1,1,1,1,1,1,1,1,1,1,1,1,1,1,1,1,1,1,1,1,3,3,3,3,3,3,3,2,2,2,2,2,2,2,3,2,2,2,2,2,0,0
1964,1943,1873,1860,1811,1804,1792,1769,1761,1756,1752,1751,1751,1751,1499,1499,1464,1457,1455,1454,1450,1444,1444,1444,1461,1444,1444,1444,1418,1417,1400,1394,1384,1367,1358,1369,1375,1365,1365,1359,1358,1358,1356,1340,1231,1161,1161,1164,1151,1151,1151,1131,1101,1010,1003,1003,1003,993,970,963,1029,1026,1005,990,986,977,962,933,933,933,895,869,869,866,866,866,866,803,801,801,801,792,792,792,951,888,888,888,846,846,843,742,743,739,684,680,641,641,751,642,640,630,600,600,268,262
1130,1120,1102,1094,1058,1052,1052,1042,1037,1032,1029,1028,1028,1028,920,920,901,894,893,893,885,879,879,879,876,865,865,865,845,845,842,839,835,829,829,830,829,819,819,819,819,819,817,812,803,782,782,784,774,774,774,771,758,695,689,689,688,682,676,669,652,649,628,615,611,604,598,570,570,570,562,556,556,553,553,553,553,545,544,544,544,540,540,540,648,610,610,610,575,575,572,531,531,527,500,497,475,469,536,471,470,461,452,452,252,246
8,7,7,7,7,7,6,6,6,6,6,6,6,6,6,6,6,6,6,6,6,6,6,6,6,6,6,6,6,6,6,6,6,6,6,6,6,6,6,6,6,6,6,5,5,5,5,5,5,5,5,5,5,4,4,4,4,4,4,4,4,4,4,4,4,4,4,4,4,4,4,4,4,4,4,4,4,0,0,0,0,0,0,0,0,0,0,0,0,0,0,0,0,0,0,0,0,0,0,0,0,0,0,0,0,0
535,527,499,494,483,483,473,465,462,462,462,462,462,462,394,394,381,381,380,379,383,384,384,384,406,401,401,401,395,395,382,379,377,365,356,362,369,369,370,364,363,363,363,360,262,230,230,230,226,226,226,225,209,198,198,198,199,196,192,192,232,232,232,230,230,228,220,219,219,219,189,176,176,176,176,176,176,127,126,126,126,123,123,123,139,120,120,120,132,132,133,103,103,103,84,83,70,76,103,76,76,79,63,63,10,10
291,289,265,265,263,262,261,256,256,256,255,255,255,255,179,179,176,176,176,176,176,175,175,175,173,172,172,172,172,171,170,170,166,167,167,171,171,171,170,170,170,170,170,163,161,144,144,145,146,146,146,130,129,113,112,112,112,111,98,98,141,141,141,141,141,141,140,140,140,140,140,133,133,133,133,133,133,131,131,131,131,129,129,129,164,158,158,158,139,139,138,108,109,109,100,100,96,96,112,95,94,90,85,85,6,6
1265,1255,1230,1222,1184,1178,1178,1168,1163,1157,1154,1153,1153,1153,1042,1042,1022,1014,1013,1013,1001,991,991,991,987,973,973,973,953,953,948,945,941,935,935,936,944,934,934,936,936,936,934,943,934,914,914,916,908,908,908,905,891,815,807,807,805,799,793,784,773,770,749,732,728,721,715,684,684,684,674,662,662,659,659,659,658,649,648,648,648,643,643,643,773,733,733,733,685,685,682,626,626,620,587,582,556,550,632,544,543,532,522,522,292,286
135,135,128,128,126,126,126,126,126,125,125,125,125,125,122,122,121,120,120,120,116,112,112,112,111,108,108,108,108,108,106,106,106,106,106,106,115,115,115,117,117,117,117,131,131,132,132,132,134,134,134,134,133,120,118,118,117,117,117,115,121,121,121,117,117,117,117,114,114,114,112,106,106,106,106,106,105,104,104,104,104,103,103,103,125,123,123,123,110,110,110,95,95,93,87,85,81,81,96,73,73,71,70,70,40,40
1130,1120,1102,1094,1058,1052,1052,1042,1037,1032,1029,1028,1028,1028,920,920,901,894,893,893,885,879,879,879,876,865,865,865,845,845,842,839,835,829,829,830,829,819,819,819,819,819,817,812,803,782,782,784,774,774,774,771,758,695,689,689,688,682,676,669,652,649,628,615,611,604,598,570,570,570,562,556,556,553,553,553,553,545,544,544,544,540,540,540,648,610,610,610,575,575,572,531,531,527,500,497,475,469,536,471,470,461,452,452,252,246
8,7,7,7,7,7,6,6,6,6,6,6,6,6,6,6,6,6,6,6,6,6,6,6,6,6,6,6,6,6,6,6,6,6,6,6,6,6,6,6,6,6,6,5,5,5,5,5,5,5,5,5,5,4,4,4,4,4,4,4,4,4,4,4,4,4,4,4,4,4,4,4,4,4,4,4,4,0,0,0,0,0,0,0,0,0,0,0,0,0,0,0,0,0,0,0,0,0,0,0,0,0,0,0,0,0
0,0,0,0,0,0,0,0,0,0,0,0,0,0,0,0,0,0,0,0,0,0,0,0,0,0,0,0,0,0,0,0,0,0,0,0,0,0,0,0,0,0,0,0,0,0,0,0,0,0,0,0,0,0,0,0,0,0,0,0,0,0,0,0,0,0,0,0,0,0,0,0,0,0,0,0,0,0,0,0,0,0,0,0,0,0,0,0,0,0,0,0,0,0,0,0,0,0,0,0,0,0,0,0,0,0
8,7,7,7,7,7,6,6,6,6,6,6,6,6,6,6,6,6,6,6,6,6,6,6,6,6,6,6,6,6,6,6,6,6,6,6,6,6,6,6,6,6,6,5,5,5,5,5,5,5,5,5,5,4,4,4,4,4,4,4,4,4,4,4,4,4,4,4,4,4,4,4,4,4,4,4,4,0,0,0,0,0,0,0,0,0,0,0,0,0,0,0,0,0,0,0,0,0,0,0,0,0,0,0,0,0
535,527,499,494,483,483,473,465,462,462,462,462,462,462,394,394,381,381,380,379,383,384,384,384,406,401,401,401,395,395,382,379,377,365,356,362,369,369,370,364,363,363,363,360,262,230,230,230,226,226,226,225,209,198,198,198,199,196,192,192,232,232,232,230,230,228,220,219,219,219,189,176,176,176,176,176,176,127,126,126,126,123,123,123,139,120,120,120,132,132,133,103,103,103,84,83,70,76,103,76,76,79,63,63,10,10
0,0,0,0,0,0,0,0,0,0,0,0,0,0,0,0,0,0,0,0,0,0,0,0,0,0,0,0,0,0,0,0,0,0,0,0,0,0,0,0,0,0,0,0,0,0,0,0,0,0,0,0,0,0,0,0,0,0,0,0,0,0,0,0,0,0,0,0,0,0,0,0,0,0,0,0,0,0,0,0,0,0,0,0,0,0,0,0,0,0,0,0,0,0,0,0,0,0,0,0,0,0,0,0,0,0
535,527,499,494,483,483,473,465,462,462,462,462,462,462,394,394,381,381,380,379,383,384,384,384,406,401,401,401,395,395,382,379,377,365,356,362,369,369,370,364,363,363,363,360,262,230,230,230,226,226,226,225,209,198,198,198,199,196,192,192,232,232,232,230,230,228,220,219,219,219,189,176,176,176,176,176,176,127,126,126,126,123,123,123,139,120,120,120,132,132,133,103,103,103,84,83,70,76,103,76,76,79,63,63,10,10
294,292,268,268,266,265,264,259,259,259,258,258,258,258,181,181,178,178,178,178,178,177,177,177,175,174,174,174,174,173,172,172,168,169,169,173,173,173,172,172,172,172,172,164,162,145,145,146,147,147,147,131,130,114,113,113,113,112,99,99,142,142,142,142,142,142,141,141,141,141,141,134,134,134,134,134,134,132,132,132,132,130,130,130,167,161,161,161,142,142,141,110,111,111,102,102,98,98,115,97,96,92,87,87,6,6
3,3,3,3,3,3,3,3,3,3,3,3,3,3,2,2,2,2,2,2,2,2,2,2,2,2,2,2,2,2,2,2,2,2,2,2,2,2,2,2,2,2,2,1,1,1,1,1,1,1,1,1,1,1,1,1,1,1,1,1,1,1,1,1,1,1,1,1,1,1,1,1,1,1,1,1,1,1,1,1,1,1,1,1,3,3,3,3,3,3,3,2,2,2,2,2,2,2,3,2,2,2,2,2,0,0
291,289,265,265,263,262,261,256,256,256,255,255,255,255,179,179,176,176,176,176,176,175,175,175,173,172,172,172,172,171,170,170,166,167,167,171,171,171,170,170,170,170,170,163,161,144,144,145,146,146,146,130,129,113,112,112,112,111,98,98,141,141,141,141,141,141,140,140,140,140,140,133,133,133,133,133,133,131,131,131,131,129,129,129,164,158,158,158,139,139,138,108,109,109,100,100,96,96,112,95,94,90,85,85,6,6
"27,182","27,029","26,440","26,367","25,879","25,780","25,722","25,432","25,319","24,587","24,502","24,467","24,464","24,460","22,046","22,037","21,574","21,542","21,500","21,495","21,398","21,382","21,374","21,354","21,177","20,532","20,532","20,529","20,206","20,146","19,981","19,922","19,756","19,661","19,633","19,778","19,877","19,519","19,513","19,481","19,488","19,480","19,414","19,313","19,030","18,471","18,470","18,510","18,496","18,505","18,470","17,947","17,268","15,971","15,879","15,879","15,944","15,859","15,467","15,284","16,824","16,819","15,761","15,473","15,455","15,363","15,250","14,959","14,960","14,957","14,643","14,262","14,261","14,388","14,488","14,486","14,459","14,247","14,238","14,227","14,224","14,182","14,181","14,175","15,980","15,442","15,448","15,445","13,782","13,781","13,651","11,611","11,595","11,554","10,005","9,837","8,765","8,771","12,607","8,855","8,836","8,576","8,190","8,154","4,640","4,508"
